{"cameraMode":{"drawMode":0,"name":"Shaded","section":"Shading Mode"},"sceneLighting":false,"audioPlay":false,"sceneViewState":{"showFog":true,"showMaterialUpdate":false,"showSkybox":true,"showFlares":true,"showImageEffects":true,"showParticleSystems":true},"in2DMode":false,"pivot":{"x":-35.856021881103519,"y":0.3300018310546875,"z":-0.4597351551055908},"rotation":{"x":-0.03322679549455643,"y":0.7249022722244263,"z":-0.03504493460059166,"w":-0.6871887445449829},"size":43.391876220703128,"orthographic":false}